"Group","DistanceToCentroid"
"SC_Quina",2.10039181094342
"SC_Quina",1.86111090145822
"SC_Quina",1.49512149342061
"SC_Quina",2.09072417182194
"SC_Quina",2.3512759907031
"SC_Quina",1.37047889004658
"SC_Quina",0.530700992736029
"SC_Quina",1.99920189367405
"SC_Quina",1.98550486392918
"SC_Quina",2.42710560383791
"SC_Quina",1.68052573172299
"SC_Quina",2.47321157332469
"SC_Quina",2.35793285968104
"SC_Quina",2.43025548775271
"SC_Quina",2.12837197235258
"SC_Quina",1.93870717104919
"SC_Quina",2.46852947880229
"SC_Quina",1.60806482063845
"SC_Quina",1.28578938902993
"SC_Quina",2.26738254886959
"SC_Quina",1.29058371379973
"SC_Quina",3.32240317006816
"SC_Quina",2.79293475293637
"SC_Quina",3.51075651576492
"SC_Quina",3.13138826775797
"SC_Quina",2.07169554298622
"SC_Quina",2.30370509983838
"SC_Quina",2.99682202316866
"SC_Quina",0.981013879096468
"SC_Quina",1.86983206521636
"SC_Quina",1.21396018937271
"SC_Quina",2.08367601085229
"SC_Quina",1.54323876024165
"SC_Quina",0.968881270527186
"SC_Quina",1.15441873199638
"SC_Quina",1.31300239053016
"SC_Quina",1.50611082145152
"SC_Quina",1.51239872282433
"SC_Quina",0.82312266152187
"SC_Quina",1.79810919207012
"SC_Quina",2.35701824098364
"SC_Quina",2.09774268903785
"SC_Quina",1.69191970971836
"SC_Quina",2.9669250738805
"SC_Quina",2.54735175105208
"SC_Quina",1.96005393505836
"SC_Quina",1.69784358286349
"SC_Quina",2.11837232038066
"SC_Quina",2.01324979470269
"SC_Quina",1.3896390018488
"SC_Quina",1.38726761203649
"SC_Quina",1.19501656944481
"SC_Quina",1.94829866893977
"SC_Quina",1.38386862114673
"SC_Quina",1.84081778567337
"SC_Quina",1.06423012101907
"SC_Quina",1.01269680485393
"SC_Quina",1.09730515628245
"SC_Quina",1.90572394001774
"SC_Quina",1.62873798594334
"SC_Quina",1.70643027306127
"SC_Quina",1.43313842562327
"SC_Quina",2.04503337778718
"SC_Quina",2.26671209887699
"SC_Quina",2.31211325031179
"SC_Quina",2.04769305410851
"SC_Quina",1.78290798940917
"SC_Quina",1.35156799839716
"SC_Quina",1.98379497462247
"SC_Quina",1.45478382794014
"SC_Quina",1.67151582597224
"SC_Quina",1.40232439395242
"SC_Quina",2.12035465563435
"SC_Quina",1.58397334410999
"SC_Quina",1.79062913166312
"SC_Quina",2.14221199317248
"SC_Quina",1.55941169854729
"SC_Quina",2.61473183192635
"SC_Quina",1.95900688990436
"SC_Quina",1.29809012388879
"SC_Quina",1.53634861756793
"SC_Quina",2.42295572679733
"SC_Quina",1.14677909003123
"SC_Quina",1.69258211700481
"SC_Quina",1.73381473745599
"SC_Quina",2.42168851318843
"SC_Quina",1.76276624065504
"SC_Quina",2.03657505062914
"SC_Quina",1.24733882216964
"SC_Quina",2.20941479303082
"SC_Quina",1.76783024818319
"SC_Quina",2.23539893001098
"SC_Quina",4.0385019828786
"SC_Quina",1.25807831712706
"SC_Quina",1.77385631718698
"SC_Quina",1.19613717034575
"SC_Quina",1.45994970475566
"SC_Quina",2.2400519576559
"SC_Quina",2.0583257100753
"SC_Quina",2.70392018219007
"SC_Quina",1.64955596272105
"SC_Quina",2.83585588854607
"SC_Quina",2.30853972002356
"SC_Quina",1.53524526401032
"SC_Quina",1.7396549390173
"SC_Quina",1.51333191608809
"SC_Quina",2.2407711443792
"SC_Quina",1.28207939915977
"SC_Quina",1.72300589463729
"SC_Quina",1.46571056246205
"SC_Quina",2.20133519184037
"SC_Quina",2.49528916532949
"SC_Quina",2.20988573580717
"SC_Quina",2.33042801185548
"SC_Quina",1.52486365184041
"SC_Quina",1.35966818570408
"SC_Quina",2.80072394563435
"SC_Quina",2.06704610434778
"SC_Quina",1.0848262708207
"SC_Quina",3.13883626406438
"SC_Quina",1.85065153169184
"SC_Quina",1.46476538438533
"SC_Quina",1.8811346005892
"SC_Quina",1.68098898000714
"SC_Quina",1.19501953432349
"SC_Quina",2.82212259986786
"SC_Quina",4.5276830703443
"SC_Quina",5.07962703807774
"SC_Quina",1.28249049683618
"SC_Quina",3.73658042957072
"SC_Quina",1.9643862428365
"SC_Quina",3.20030322754287
"SC_Quina",3.15441334001635
"SC_Quina",4.16558753810078
"SC_Quina",2.80686028049196
"SC_Quina",1.87204837206192
"SC_Quina",1.71490065632806
"SC_Quina",2.66584536172207
"SC_Quina",2.57379349972809
"SC_Quina",1.66890438353643
"SC_Quina",1.87769721624557
"SC_Quina",1.89580677455712
"SC_Quina",1.85971372645493
"SC_Quina",1.56696374044869
"SC_Quina",1.58453668336395
"SC_Quina",1.59176159276861
"SC_Quina",1.71400189899758
"SC_Quina",3.62931891628869
"SC_Quina",2.23493566978967
"SC_Quina",5.24565021123986
"SC_Quina",4.62134792077222
"SC_Quina",1.94969948292632
"SC_Quina",2.90182145859633
"SC_Quina",1.72895452366716
"SC_Quina",2.19620917470625
"SC_Quina",1.70037266045255
"SC_Quina",1.48567788126908
"SC_Quina",1.99889109166038
"SC_Quina",2.62776137812294
"SC_Quina",4.73518798147196
"SC_Quina",3.08261058477755
"SC_Quina",4.14702004979157
"SC_Quina",6.26555672917646
"SC_Quina",3.11669054871178
"SC_Quina",2.04399323138943
"LT_Quina",1.645764504916
"LT_Quina",0.541941574276692
"LT_Quina",1.28037748073267
"LT_Quina",2.61022295728266
"LT_Quina",1.81950719616609
"LT_Quina",2.33331516973839
"LT_Quina",1.71524898458901
"LT_Quina",2.04891532792526
"LT_Quina",1.85492471014599
"LT_Quina",1.43460061938217
"LT_Quina",3.04832170700718
"LT_Quina",2.15356464129317
"LT_Quina",0.799731749070701
"LT_Quina",1.43272315398198
"LT_Quina",1.96272508435635
"LT_Quina",1.50337265186724
"LT_Quina",1.83943305798177
"LT_Quina",1.5083701421217
"LT_Quina",2.70866710397282
"LT_Quina",0.963334858223816
"LT_Quina",1.45024990465652
"LT_Quina",1.82376484139824
"LT_Quina",2.01745324534446
"LT_Quina",1.95138889829956
"LT_Quina",1.70174598705128
"LT_Quina",1.76003213596885
"LT_Quina",2.24216134105928
"LT_Quina",4.33422778385364
"LT_Quina",3.62916165885569
"LT_Quina",3.32629575445216
"LT_Quina",3.68053234097072
"LT_Quina",2.81641325480202
"LT_Quina",1.29418717932393
"LT_Quina",1.75519048604957
"LT_Quina",2.13773035827009
"LT_Quina",1.80841036587336
"LT_Quina",1.85924533438206
"LT_Quina",2.33095800040231
"LT_Quina",2.49623740009057
"LT_Quina",3.03173923143867
"LT_Quina",2.07745114611054
"LT_Quina",1.1819025390164
"LT_Quina",1.51124391986666
"LT_Quina",1.33063638869902
"LT_Quina",2.10701782344013
"LT_Quina",2.29570826498514
"LT_Quina",2.78705002837688
"LT_Quina",1.62391715583617
"LT_Quina",2.07801250733041
"LT_Quina",1.31000552466387
"LT_Quina",1.80324582740173
"LT_Quina",2.01957393833657
"LT_Quina",2.30545413486713
"LT_Ordinary",2.06334097294067
"LT_Ordinary",1.11950163811048
"LT_Ordinary",1.70478337016921
"LT_Ordinary",1.1426896119708
"LT_Ordinary",1.412926612616
"LT_Ordinary",1.37684030522973
"LT_Ordinary",2.53951270280747
"LT_Ordinary",0.87823072864282
"LT_Ordinary",1.12119008579035
"LT_Ordinary",1.32043180154536
"LT_Ordinary",1.21706641481282
"LT_Ordinary",1.69704936471449
"LT_Ordinary",1.20297091595744
"LT_Ordinary",0.946101823678614
"LT_Ordinary",1.07328806971656
"LT_Ordinary",1.97737817928694
"LT_Ordinary",1.96890995791473
"LT_Ordinary",2.24730627941482
"LT_Ordinary",2.30394600485746
"LT_Ordinary",1.84706063282606
"LT_Ordinary",1.82610594640837
"LT_Ordinary",0.931473812133581
"LT_Ordinary",2.64549278585827
"LT_Ordinary",2.04913446716346
"LT_Ordinary",1.51380484571744
"LT_Ordinary",0.725981389661458
"LT_Ordinary",3.56414718137024
"LT_Ordinary",2.45006218254349
"LT_Ordinary",1.16647354147192
"LT_Ordinary",1.63983098849041
"LT_Ordinary",1.10060201579146
"LT_Ordinary",1.41340658619882
"LT_Ordinary",1.46105326908178
"LT_Ordinary",1.48182042142984
"LT_Ordinary",1.1587487366973
"LT_Ordinary",1.15154589514737
"LT_Ordinary",2.1565705006352
"LT_Ordinary",2.08523630376244
"LT_Ordinary",2.29384311654983
"LT_Ordinary",2.3890592525546
"LT_Ordinary",2.35822537268657
"LT_Ordinary",1.46442696050413
"LT_Ordinary",1.32506783907922
"LT_Ordinary",2.06940664526198
"LT_Ordinary",3.40095248724162
"LT_Ordinary",1.60610660810825
"LT_Ordinary",1.7587391129504
"LT_Ordinary",0.936089214969622
"LT_Ordinary",0.887952072862116
"LT_Ordinary",0.860174748545526
"LT_Ordinary",1.42465254662296
"LT_Ordinary",1.20814105618914
"LT_Ordinary",1.31316693078263
"LT_Ordinary",2.00368693833041
"LT_Ordinary",0.939472281428462
"LT_Ordinary",1.44947798485251
"LT_Ordinary",1.50546589885586
"LT_Ordinary",1.28586132357086
"LT_Ordinary",1.79302620964586
"LT_Ordinary",0.91482535824444
"LT_Ordinary",0.919439972798803
"LT_Ordinary",1.9057970118677
"LT_Ordinary",1.59024177031561
"LT_Ordinary",1.58853513685931
"LT_Ordinary",0.531191002520042
"LT_Ordinary",1.53584018934432
"LT_Ordinary",1.09775442423498
"LT_Ordinary",1.47982436185219
"LT_Ordinary",0.970434027049917
"LT_Ordinary",0.747102866388709
"LT_Ordinary",0.841153467208956
"LT_Ordinary",1.40771722835383
"LT_Ordinary",1.55148751461967
"LT_Ordinary",0.605540892330063
"LT_Ordinary",1.20511043170796
"LT_Ordinary",1.55576110329193
"LT_Ordinary",2.72151488099784
"LT_Ordinary",1.31880858090843
"LT_Ordinary",1.57277642111721
