"LD1","LD2","Group"
-1.14684855720753,0.541721633844265,"SC_Quina"
-1.00416113309355,-1.00137903476102,"SC_Quina"
-0.670346285019301,0.790021444199686,"SC_Quina"
0.218969445597109,-0.300317242265748,"SC_Quina"
0.0390939095272614,-1.3862912606294,"SC_Quina"
-0.841212679104276,1.34482352295655,"SC_Quina"
-0.667737520777472,-0.553036783746588,"SC_Quina"
-2.02279481446994,-1.50828470271594,"SC_Quina"
0.713933039642644,1.20173573496209,"SC_Quina"
-0.430257858037762,3.14158997940279,"SC_Quina"
-1.02296265961465,0.653071407104468,"SC_Quina"
1.18129107405474,0.133739966105487,"SC_Quina"
1.7725220577356,-0.292521376516302,"SC_Quina"
-1.33176002810422,0.175339627254534,"SC_Quina"
-0.402762022060092,1.40329613616716,"SC_Quina"
0.685736549588458,0.830890625177407,"SC_Quina"
-0.931667801812095,0.0094487945499445,"SC_Quina"
-0.0100457288561734,0.315510284254111,"SC_Quina"
-0.570472434073009,-1.05000965443176,"SC_Quina"
1.00962708356858,0.160998252310496,"SC_Quina"
-0.177809202216096,0.546733576647118,"SC_Quina"
0.72790921923751,-0.482810490663362,"SC_Quina"
-0.917877280519244,2.03321038960834,"SC_Quina"
2.31424691864267,1.28260077666796,"SC_Quina"
1.10126552147553,0.444309682262156,"SC_Quina"
-1.56467318613374,-0.596848908649511,"SC_Quina"
1.40495822754566,-0.336920821566784,"SC_Quina"
-2.42811380098594,0.789184618489089,"SC_Quina"
-0.685644903933277,0.0290743541050286,"SC_Quina"
-0.365640263307787,0.688773360607548,"SC_Quina"
-0.808659141698639,0.0925112057245924,"SC_Quina"
-1.72399165597128,2.23249144950189,"SC_Quina"
-0.520881626382449,0.933597649987969,"SC_Quina"
-0.213889706859056,-0.666701733779802,"SC_Quina"
-0.646260903305983,-0.176363925759792,"SC_Quina"
-0.020300376127472,0.68541659912119,"SC_Quina"
0.126112405988898,-0.961372385147664,"SC_Quina"
-1.27760944282052,1.51492673855727,"SC_Quina"
-0.737972135627712,-0.622821965054746,"SC_Quina"
-1.566239109013,-1.39987264201134,"SC_Quina"
-1.77109003526502,-2.42363646495274,"SC_Quina"
-0.760670716530677,2.47346556823322,"SC_Quina"
-1.12166409175183,0.629694909161347,"SC_Quina"
-2.85010254234286,-0.267081239941099,"SC_Quina"
-1.52224256282568,-2.30052499696838,"SC_Quina"
-1.7022617569828,-0.319716987306267,"SC_Quina"
-0.105046158944229,-1.84353376593958,"SC_Quina"
-1.21515998555209,0.522789614389238,"SC_Quina"
-0.654022170640621,1.33701529245467,"SC_Quina"
-0.0585268030062434,0.759380337177692,"SC_Quina"
0.192391262202325,0.557047195326374,"SC_Quina"
0.662649825228486,-0.52223163065604,"SC_Quina"
0.479968576787329,-0.162434092752292,"SC_Quina"
-1.56793948407539,0.916959671719923,"SC_Quina"
-2.35057923486126,1.24074763623882,"SC_Quina"
-0.30438564267436,-0.862827991008481,"SC_Quina"
-0.771782807876571,0.356503059136478,"SC_Quina"
-1.53141318514749,-0.152708306011667,"SC_Quina"
-0.610523724978598,-1.09440654821485,"SC_Quina"
-0.139322915281062,0.466043127267036,"SC_Quina"
0.129603589726811,0.354845602382757,"SC_Quina"
-0.254097728657374,0.904114946839664,"SC_Quina"
1.19012777741043,-0.264578739223521,"SC_Quina"
0.923671371682701,0.893800253997722,"SC_Quina"
0.782502237712771,0.928442128810669,"SC_Quina"
-1.57649710982713,-0.0846243517843836,"SC_Quina"
-1.06842886944502,-1.21687887268731,"SC_Quina"
-1.64516423773477,0.116926909942127,"SC_Quina"
-0.552930229305902,0.171947421455382,"SC_Quina"
-1.7708185305198,-0.797883412267021,"SC_Quina"
-1.17658768735757,-2.09629568648648,"SC_Quina"
0.431933717003652,0.642767809945045,"SC_Quina"
-0.718503222223523,-1.63399109037877,"SC_Quina"
0.655667392184681,-1.70125591789715,"SC_Quina"
-2.11058242519819,-0.0762912429207899,"SC_Quina"
1.1148011594471,-0.424822115206605,"SC_Quina"
0.181971673467665,0.555288152314302,"SC_Quina"
-0.505574571914572,0.0534748203344688,"SC_Quina"
0.0167465157722217,0.838039075109831,"SC_Quina"
-0.22121589924731,1.11162849204535,"SC_Quina"
-1.14618542558557,-0.311589699835662,"SC_Quina"
0.104768585639876,1.44228028477982,"SC_Quina"
-0.533591696291816,1.3159597582165,"SC_Quina"
-0.305425384300179,1.23458157276567,"SC_Quina"
-0.341849785678907,-1.08316596721431,"SC_Quina"
-2.08335771305536,-1.63573539016978,"SC_Quina"
-0.83660726933343,0.894318682687467,"SC_Quina"
0.187319835418925,-1.64046104532677,"SC_Quina"
-0.547422776866486,-1.26833839933786,"SC_Quina"
-0.0976083573688325,0.00297209152622598,"SC_Quina"
-0.831871597702744,-1.38618177701772,"SC_Quina"
-0.306469904234023,-0.164193056739841,"SC_Quina"
-2.73625363768981,0.577035855574548,"SC_Quina"
-0.669704599626811,-1.03363362995855,"SC_Quina"
0.150313598453656,-0.705944923782164,"SC_Quina"
-0.894508766239628,-1.35815681366967,"SC_Quina"
0.521102298736006,0.349180281764101,"SC_Quina"
-0.62996343093666,-1.86221509075175,"SC_Quina"
-0.557924215454515,0.373418486310624,"SC_Quina"
-1.05112668690667,2.74232223595787,"SC_Quina"
-1.18724239302453,1.25229270920272,"SC_Quina"
-1.27262937848628,0.792962568099762,"SC_Quina"
0.796523137736427,-0.436355598502613,"SC_Quina"
0.0774974169549163,-0.807659389976201,"SC_Quina"
-1.31906973957422,0.397749333064383,"SC_Quina"
-0.170875833259453,0.400126787420907,"SC_Quina"
0.952251082200499,-0.0457464685962296,"SC_Quina"
-0.46561006463334,-0.805855933627626,"SC_Quina"
-0.953862059441469,-0.989301836938047,"SC_Quina"
-1.15424939235596,-0.814256715081458,"SC_Quina"
1.15103405946378,-0.770542923554119,"SC_Quina"
-0.64047384152707,-0.419799800457106,"SC_Quina"
0.120489411925485,-0.122969638369199,"SC_Quina"
-1.77514242191649,-1.99189524003086,"SC_Quina"
0.133235834727624,0.765467632613108,"SC_Quina"
0.0315501823705449,-1.56936857985099,"SC_Quina"
1.65113539435778,-0.282373623966516,"SC_Quina"
1.58942680745465,-0.0532557439012331,"SC_Quina"
-0.26580121809385,-0.523597547162817,"SC_Quina"
-2.08110642442441,0.119635508635607,"SC_Quina"
0.301975579956424,-1.06319756128095,"SC_Quina"
-1.56989067468375,-0.413552267993821,"SC_Quina"
0.954706522903244,0.565136969895356,"SC_Quina"
-0.0835790224831244,-0.335529588318889,"SC_Quina"
-0.283936827315282,0.6710772507801,"SC_Quina"
-1.92500938174387,1.00196211867983,"SC_Quina"
-0.794262235096321,-0.574034590185108,"SC_Quina"
-0.784353949943953,0.570597821968642,"SC_Quina"
-1.26024872785419,1.27962009500155,"SC_Quina"
-2.08755217489894,0.76543720523274,"SC_Quina"
-1.33968493743065,2.52195602536484,"SC_Quina"
-1.76402453120937,0.270403052918879,"SC_Quina"
-0.897860848135751,0.443757729029248,"SC_Quina"
-1.17342655094905,-1.21725239153485,"SC_Quina"
-0.617394944562735,0.719663120768763,"SC_Quina"
-1.92149786452929,-0.875017596262783,"SC_Quina"
-1.73110894461266,-0.00552998558153719,"SC_Quina"
-2.43388960361895,-0.571879447632989,"SC_Quina"
-2.07552293170656,0.24178402715415,"SC_Quina"
-1.17561884391246,1.89705899699476,"SC_Quina"
-0.74788601618229,-0.663743820075763,"SC_Quina"
0.706743336999236,0.461126731693249,"SC_Quina"
-1.25599625725515,1.1912162572485,"SC_Quina"
0.58515381539228,0.372323311935737,"SC_Quina"
-1.3576216479156,-0.715966640603797,"SC_Quina"
-1.67820754285538,0.109954721221316,"SC_Quina"
-1.26660248133712,-0.555464106554868,"SC_Quina"
-3.20928602610384,0.248090127961865,"SC_Quina"
-1.795108620495,-1.21342407245256,"SC_Quina"
-1.04574959509256,1.46631518235223,"SC_Quina"
-0.618094665966481,0.343987751959708,"SC_Quina"
-1.6564663085731,0.838247431839692,"SC_Quina"
-1.09424574897002,1.2320537645655,"SC_Quina"
-0.634128730465463,0.454584694540085,"SC_Quina"
-0.787527145627807,1.85681006462063,"SC_Quina"
-0.432258561089522,-0.991246343056968,"SC_Quina"
-1.45263917963249,0.892575588623576,"SC_Quina"
-1.16472363848838,-1.06698822706144,"SC_Quina"
-2.00328657537125,1.58890557947971,"SC_Quina"
-2.37568135579865,2.64498537323035,"SC_Quina"
-1.9578281011596,1.81192482329807,"SC_Quina"
-2.2700400155225,2.06092973204778,"SC_Quina"
-1.63440690609735,0.0730818657366686,"SC_Quina"
1.6010017301758,-0.358218200654945,"SC_Quina"
-1.24869651527637,0.370248260760592,"SC_Quina"
0.00639032487509814,-0.702798724394836,"LT_Quina"
-0.582346499762683,-0.44926296874905,"LT_Quina"
-0.54180044736065,0.0246804516352458,"LT_Quina"
-2.16281463961666,-0.508960022429885,"LT_Quina"
-1.5270761739095,-1.67565202957457,"LT_Quina"
1.39662367719339,-0.307490593562137,"LT_Quina"
-1.09398788225295,-2.73592819764071,"LT_Quina"
-1.46480021542254,-0.747454837295651,"LT_Quina"
-1.16318421470606,0.550991627597028,"LT_Quina"
-0.846838905784015,-0.921180948402499,"LT_Quina"
-2.72408711366463,-0.820969272980375,"LT_Quina"
-1.59038282090625,-2.29658255876155,"LT_Quina"
-0.340057713240406,-0.911031287696488,"LT_Quina"
-0.997087072294196,0.213025692193299,"LT_Quina"
-1.89816881119796,-1.97244519850709,"LT_Quina"
-0.312044966350957,0.629360952753433,"LT_Quina"
-2.12713519089971,-1.60270496879866,"LT_Quina"
-0.294639812857427,-0.805577050993786,"LT_Quina"
1.6945737679467,-0.385798919612181,"LT_Quina"
-0.152794931779266,-1.23861408195745,"LT_Quina"
-1.64729275552077,-0.337596599698066,"LT_Quina"
-1.66813466370449,0.187627888778104,"LT_Quina"
-1.885417405546,0.263401745902682,"LT_Quina"
-0.944333734271742,-1.58588604403145,"LT_Quina"
-2.14341927525649,-1.52817819677055,"LT_Quina"
-2.07964847950323,-0.931222251802467,"LT_Quina"
-1.21935809563821,0.610586106443612,"LT_Quina"
-1.08167836545276,0.775519309761066,"LT_Quina"
-2.71820447339152,2.53074324497521,"LT_Quina"
-1.16613913402781,1.3848153384493,"LT_Quina"
-2.35437579838493,-0.00710205678758136,"LT_Quina"
-2.36150177567063,-1.28022871744703,"LT_Quina"
-0.807156037106053,-0.738381158960261,"LT_Quina"
-0.483657893943753,1.6304373681392,"LT_Quina"
-0.134153232905334,1.50046011158571,"LT_Quina"
-0.791434848086799,-0.672786227976474,"LT_Quina"
-0.732517762915314,1.11069009184597,"LT_Quina"
1.10707334644301,-0.219923925781874,"LT_Quina"
0.050107209952274,-0.378926700460519,"LT_Quina"
1.54379429740288,-0.783320813854232,"LT_Quina"
0.86832472929197,0.0365580012840269,"LT_Quina"
-0.894397015230706,-0.756267679363397,"LT_Quina"
-0.857526353395449,-1.28862039728646,"LT_Quina"
0.387389680120313,0.783063015158274,"LT_Quina"
-0.320516545609944,-1.78722501502719,"LT_Quina"
-1.2277823364995,-0.687091801581457,"LT_Quina"
1.53284820716951,0.156888512819807,"LT_Quina"
-0.38965586454845,0.661563181482508,"LT_Quina"
1.17002843526096,-0.14302403781073,"LT_Quina"
-0.136689670298998,1.11863291696274,"LT_Quina"
-0.133638222103615,0.786120502106334,"LT_Quina"
0.637578693436702,-0.319456637635649,"LT_Quina"
1.25878686808085,-0.281778050984447,"LT_Quina"
1.75639644869697,2.19282555858639,"LT_Ordinary"
2.90238842417149,0.110850640003905,"LT_Ordinary"
1.36436986298447,0.177568615050989,"LT_Ordinary"
2.28067053016744,0.518980177903287,"LT_Ordinary"
1.40718384754838,-0.921518272572164,"LT_Ordinary"
2.62975129341703,1.08166167673888,"LT_Ordinary"
1.93611012093351,1.36162483537606,"LT_Ordinary"
1.47557297650575,-0.367938942235106,"LT_Ordinary"
1.42070694966951,-0.486059676703649,"LT_Ordinary"
1.24092095805937,1.45757638710424,"LT_Ordinary"
2.04743272571699,1.41214454889334,"LT_Ordinary"
2.91466115158924,-0.0473053145937899,"LT_Ordinary"
2.72201240554764,0.587957488055733,"LT_Ordinary"
2.50149054720776,0.295562873182364,"LT_Ordinary"
2.23145662130711,0.392358982958136,"LT_Ordinary"
1.31776030111594,-1.23906883015942,"LT_Ordinary"
3.11907884429998,0.211561291436336,"LT_Ordinary"
2.24496574729173,-1.39312280429561,"LT_Ordinary"
0.980704553386332,0.399093853616453,"LT_Ordinary"
1.81241533248246,-0.195773943623656,"LT_Ordinary"
2.05216087427887,-0.471584208061881,"LT_Ordinary"
1.98822527899909,-0.782681991632602,"LT_Ordinary"
0.756353856194273,0.773932221030913,"LT_Ordinary"
0.0539007063756115,0.619029512422097,"LT_Ordinary"
1.07550190321834,1.40724461937555,"LT_Ordinary"
1.77847186693379,-0.652258173954034,"LT_Ordinary"
0.807927141176163,1.95588102685189,"LT_Ordinary"
0.653370196690085,0.139539901548763,"LT_Ordinary"
2.14679215197754,0.451712351285492,"LT_Ordinary"
0.343638033498952,-0.628958793860958,"LT_Ordinary"
3.00484926750156,0.269730864705445,"LT_Ordinary"
3.17322192468303,0.306130600213765,"LT_Ordinary"
1.7042591615313,-0.831762934671802,"LT_Ordinary"
3.04787325614801,0.125177323554255,"LT_Ordinary"
2.77677421356341,0.0117959874047217,"LT_Ordinary"
1.14810918261454,-0.469799154723463,"LT_Ordinary"
2.70957963444387,0.604527103907389,"LT_Ordinary"
0.880556180777933,-0.145319153458202,"LT_Ordinary"
0.98367883832264,0.386867113973625,"LT_Ordinary"
1.19285793124565,0.349394940027982,"LT_Ordinary"
2.4694960874898,1.96774839224374,"LT_Ordinary"
3.159144072433,-0.418883857304362,"LT_Ordinary"
2.37423197033096,0.193956403873171,"LT_Ordinary"
1.70779427762964,-0.025914250654774,"LT_Ordinary"
1.34277419219198,0.433485735966195,"LT_Ordinary"
0.886423844701519,0.68271545188435,"LT_Ordinary"
3.23731889577088,-0.101840274245667,"LT_Ordinary"
2.32878279505972,0.368851542748962,"LT_Ordinary"
1.73441926503438,-1.04592163010546,"LT_Ordinary"
2.22316759672508,-1.23768881738619,"LT_Ordinary"
1.37062259610682,-0.530664506554567,"LT_Ordinary"
1.89120775659716,-0.856658585809843,"LT_Ordinary"
2.72566579282819,0.308169218326836,"LT_Ordinary"
0.988510057020225,-0.245441461521016,"LT_Ordinary"
2.35102705219449,0.395523270750317,"LT_Ordinary"
0.574651944628313,0.3106223372567,"LT_Ordinary"
1.48506911026391,0.674228230500366,"LT_Ordinary"
2.91220609717293,0.251738917885067,"LT_Ordinary"
2.69850945360088,-0.0245139149099713,"LT_Ordinary"
1.30569255839134,-0.244190260909564,"LT_Ordinary"
1.82795743896256,-0.32109003532617,"LT_Ordinary"
2.63784525058885,-0.0792562314568817,"LT_Ordinary"
0.392922356143142,0.271411868058543,"LT_Ordinary"
1.70142944640863,-0.709473545974167,"LT_Ordinary"
1.38271232700214,-0.481140473191804,"LT_Ordinary"
2.26723915765899,0.841488741036811,"LT_Ordinary"
2.05021907722382,-1.14728241837427,"LT_Ordinary"
0.726018514810881,-0.556849756741674,"LT_Ordinary"
1.02026675283626,-0.416208376052655,"LT_Ordinary"
1.63542786273735,-0.412022958075752,"LT_Ordinary"
1.48169075315204,-0.782070196951589,"LT_Ordinary"
2.45230488535414,0.0729299913206769,"LT_Ordinary"
2.7589665077031,-1.48162925547571,"LT_Ordinary"
1.81494145440781,-0.655115903172934,"LT_Ordinary"
2.04392145185483,-0.948478901329845,"LT_Ordinary"
1.80951924545781,-1.28991129303027,"LT_Ordinary"
-0.276657073148396,-1.36304025745118,"LT_Ordinary"
1.92878504785092,-0.528944441405703,"LT_Ordinary"
0.471056847568408,-0.129058130359296,"LT_Ordinary"
