"PCoA1","PCoA2","Group"
-1.80528640745018,-0.940601830050478,"SC_Quina"
-0.800662398179969,-1.76063020234777,"SC_Quina"
-0.0371841955148922,0.735048636523308,"SC_Quina"
0.268849448865616,-0.0915769592622626,"SC_Quina"
0.159474808762689,-1.91289005899751,"SC_Quina"
-0.921895473196615,0.184683020623371,"SC_Quina"
-0.617400619901712,-0.46775708773067,"SC_Quina"
-2.15509222628714,-0.753621506580214,"SC_Quina"
0.533336552096815,0.841196678668413,"SC_Quina"
-0.137702640767104,0.741946279591938,"SC_Quina"
-1.65141299732639,-0.182754936865972,"SC_Quina"
1.55937346888759,0.0484545801173065,"SC_Quina"
1.20296151661866,-0.134305232352459,"SC_Quina"
-1.63909499370279,1.38151468910253,"SC_Quina"
-1.36895557432667,0.0828346912159306,"SC_Quina"
0.607238969644342,1.30611073985917,"SC_Quina"
-0.778253423601667,-1.91981236268269,"SC_Quina"
0.834751621212211,-0.524054747524611,"SC_Quina"
-0.479542438427831,-1.26328509502014,"SC_Quina"
1.51354640829216,0.521834798853786,"SC_Quina"
0.193387099853916,-0.0707810204642583,"SC_Quina"
2.23609821235374,0.286300253429172,"SC_Quina"
-1.40283326856257,-0.204939844651207,"SC_Quina"
2.54234471663111,0.7463786098126,"SC_Quina"
1.69579358568881,-0.478642425692619,"SC_Quina"
-0.121876253000375,-1.72802204878551,"SC_Quina"
0.756707806273715,-0.69817828368096,"SC_Quina"
-2.10177329509433,-2.36492814090373,"SC_Quina"
-0.962450016791371,-0.300277174191825,"SC_Quina"
0.783048864665614,-0.86813982621469,"SC_Quina"
-0.849826542022309,-0.709217647703011,"SC_Quina"
-0.605795831875905,-0.890766542713578,"SC_Quina"
0.0327770634799771,-0.96369266272248,"SC_Quina"
-0.326690372971687,-0.288167579323898,"SC_Quina"
-0.595882423352893,0.530358487931981,"SC_Quina"
-0.689780637373478,0.679657754898429,"SC_Quina"
0.374278978660469,-0.554504244716207,"SC_Quina"
-0.27311405970394,-0.444845284536501,"SC_Quina"
-0.877422573910572,-0.0630077084225181,"SC_Quina"
-1.46407236334552,-0.178206796471846,"SC_Quina"
-1.29637166746343,-1.9597970504242,"SC_Quina"
-0.418300718858702,0.974168139213394,"SC_Quina"
-1.62952180481313,-0.236094497339378,"SC_Quina"
-3.2413279997413,-1.36089796949109,"SC_Quina"
-1.80880253181771,-1.44922632107805,"SC_Quina"
-0.66729092796888,-1.92290214103292,"SC_Quina"
-0.0659042371206487,-0.636226939756523,"SC_Quina"
-2.3131283559049,0.903043685877484,"SC_Quina"
-1.21950295894313,1.67818170986101,"SC_Quina"
-0.801283241439079,1.145213140955,"SC_Quina"
-0.305002862306579,0.850468006103067,"SC_Quina"
0.29492965031175,0.0674705183669276,"SC_Quina"
1.07906982810404,-0.937705624972727,"SC_Quina"
-1.73548847418324,0.103684021800036,"SC_Quina"
-1.47490838975111,-0.863825341336655,"SC_Quina"
-0.213265624837753,-0.639408409508428,"SC_Quina"
-1.09706210636259,-0.183380020618348,"SC_Quina"
-0.867294184795371,-0.399563692607401,"SC_Quina"
-0.589518921395613,0.534172225921231,"SC_Quina"
0.329822342705935,-0.11032356297971,"SC_Quina"
0.840828677306795,-0.241607022947576,"SC_Quina"
-0.575918209846006,0.531505502654228,"SC_Quina"
1.36988884722839,-0.275829211137366,"SC_Quina"
0.805683542914771,0.447040314965957,"SC_Quina"
0.736063662018425,-0.358497486533204,"SC_Quina"
-2.44861555590271,0.102216552680448,"SC_Quina"
-0.274012725176032,-1.01203261554024,"SC_Quina"
-1.17202632114146,0.11236166348296,"SC_Quina"
0.361669749193265,-1.11879224398387,"SC_Quina"
-1.73623175074798,-0.706830395752008,"SC_Quina"
-0.853020367340506,-0.928736537551252,"SC_Quina"
0.578217629918329,0.524756597115216,"SC_Quina"
0.0284929933772346,-0.612424851460247,"SC_Quina"
-0.0949746157631657,-0.258251193018574,"SC_Quina"
-2.28288242645688,-0.312117116327822,"SC_Quina"
0.63681517253292,0.965654640418252,"SC_Quina"
0.519917592906762,-0.275294036193515,"SC_Quina"
0.00907414451528022,-1.09682878348769,"SC_Quina"
0.957130310434392,0.615951897480936,"SC_Quina"
-0.230708617986564,0.680050489138319,"SC_Quina"
-0.898417574512585,0.427044891255205,"SC_Quina"
0.478614175595173,-0.595986720284754,"SC_Quina"
0.095955426404887,0.00255225846204995,"SC_Quina"
0.573789881666043,-0.37976605806143,"SC_Quina"
-0.782939544436276,0.366744567590786,"SC_Quina"
-0.847728438000899,-0.865551788659927,"SC_Quina"
-0.22634439567967,-0.102622820959776,"SC_Quina"
0.823747322070471,0.051561988932501,"SC_Quina"
-0.231036951454188,-0.60100036816679,"SC_Quina"
1.20582335671575,-0.477696972006445,"SC_Quina"
-0.565743426138606,-1.04695590891898,"SC_Quina"
0.562971061707943,-0.734345634590827,"SC_Quina"
-3.32390802542905,-1.23445885171989,"SC_Quina"
-0.0597499692739365,-1.00181058111507,"SC_Quina"
-0.0747391061798787,-0.853193882723977,"SC_Quina"
-1.27908667658888,-0.501892541931926,"SC_Quina"
0.440776759902781,-0.283353049264379,"SC_Quina"
0.187575918395733,-0.978571423409655,"SC_Quina"
0.745068388956622,-0.381112627214084,"SC_Quina"
-0.807463241813235,-0.568151316127462,"SC_Quina"
-0.344671950944933,-1.04564008046489,"SC_Quina"
-2.21942649762653,-1.08830219855159,"SC_Quina"
1.6552734132224,-0.591577694554289,"SC_Quina"
-1.32691353268888,0.259804689926983,"SC_Quina"
-0.927649803553251,-0.762213163277955,"SC_Quina"
0.597408155533596,-0.522610558153761,"SC_Quina"
1.60387655960016,0.106260386731118,"SC_Quina"
-0.777204548730867,0.506999620957694,"SC_Quina"
-0.28960042825377,-0.0894409133914965,"SC_Quina"
-0.954401366809071,-1.24517675588544,"SC_Quina"
1.45830555793125,-0.277955658021344,"SC_Quina"
-0.838552171603922,1.63326350988698,"SC_Quina"
1.1091713213264,-0.00502792278422784,"SC_Quina"
-1.95882682662297,-0.744475475746081,"SC_Quina"
0.0629745245016751,0.984790531742503,"SC_Quina"
0.118968430930352,-0.852748963925856,"SC_Quina"
1.91657863690701,0.0630038092729184,"SC_Quina"
0.573656538844932,1.2558913515771,"SC_Quina"
-0.915870818410069,-0.179905886079557,"SC_Quina"
-3.29384204961559,0.489135534848382,"SC_Quina"
0.232148336519558,-0.988969725098684,"SC_Quina"
-0.9625942309046,-1.40595350384723,"SC_Quina"
0.872848442538804,0.510023850082303,"SC_Quina"
-0.269423223893989,-0.531793899997361,"SC_Quina"
-0.547418873524774,0.942643885235105,"SC_Quina"
-3.08930909838915,1.13245990871423,"SC_Quina"
-3.66983829772392,2.77718595826877,"SC_Quina"
-3.73266163841582,3.5382860738988,"SC_Quina"
-0.587089423968613,0.406576250786888,"SC_Quina"
-3.30490245073563,2.25035422961015,"SC_Quina"
-1.17663529468103,-0.317825876950911,"SC_Quina"
-3.3878963455503,-0.403847976338896,"SC_Quina"
-2.64601694238115,2.11305260527212,"SC_Quina"
-4.13310773841726,0.549971344841434,"SC_Quina"
-2.46410861000609,1.62962807312756,"SC_Quina"
-2.05249401113168,-0.512858263534131,"SC_Quina"
-1.36254721465251,-1.43144258596987,"SC_Quina"
-2.96493662908208,0.112774966232606,"SC_Quina"
-2.94846665319715,-0.667174905792676,"SC_Quina"
-0.920868545049008,0.713785960792237,"SC_Quina"
-1.1760767599414,-1.54517707410131,"SC_Quina"
0.57063948229238,-0.714487463330251,"SC_Quina"
-1.83336322840646,1.06153711795065,"SC_Quina"
0.8820675701278,-0.213937783604598,"SC_Quina"
-0.21008836268175,-0.701464362777327,"SC_Quina"
-0.86293874495994,0.246568883748623,"SC_Quina"
-0.702045006879084,0.0933965254617677,"SC_Quina"
-3.05912606286952,-1.73685418301255,"SC_Quina"
-2.30821490072548,-0.985933692664818,"SC_Quina"
-4.33890352461569,3.06120873895506,"SC_Quina"
-3.64284626213152,3.06545714032311,"SC_Quina"
-2.41581374001198,-0.105998632445915,"SC_Quina"
-2.38185762891589,1.4513173257693,"SC_Quina"
-1.25972067188788,1.30241414632023,"SC_Quina"
-1.87294808793119,1.01059317281027,"SC_Quina"
0.315833582213073,-1.08273701525674,"SC_Quina"
-1.84097220643092,0.079902648336074,"SC_Quina"
0.22045336401773,-0.817158723431028,"SC_Quina"
-2.811593222392,1.09202394028061,"SC_Quina"
-4.62222851161584,0.757024054527637,"SC_Quina"
-2.94166178696727,1.71727608209704,"SC_Quina"
-4.21452855021612,1.26743613326818,"SC_Quina"
-5.95320437133521,2.16427212743012,"SC_Quina"
2.21295257197233,0.902755853949117,"SC_Quina"
-2.25319600910134,-0.522023928378025,"SC_Quina"
-0.327748589103543,-0.946251350582506,"LT_Quina"
-0.55155435290411,-0.0771840105130015,"LT_Quina"
-1.19613677872947,-0.252011867498963,"LT_Quina"
-2.86081094589466,0.749377799948441,"LT_Quina"
-1.99512227992679,0.0208715954108265,"LT_Quina"
1.46531532835405,-0.37428321103016,"LT_Quina"
-0.858041024236488,-1.1557479927071,"LT_Quina"
-2.2882374322416,0.463473092300392,"LT_Quina"
-1.36481901651298,-0.408017101609628,"LT_Quina"
-0.638331474486605,-1.62912466103969,"LT_Quina"
-2.66584183786299,-2.4281117600113,"LT_Quina"
-1.78264527134698,-1.5408873324227,"LT_Quina"
-0.101736818008152,-0.624584541436242,"LT_Quina"
-1.58846310138184,0.740920263655275,"LT_Quina"
-1.76244918997406,-1.6811347857,"LT_Quina"
-1.41323860832101,0.392128877439095,"LT_Quina"
-1.79732428736979,-1.62330136786052,"LT_Quina"
0.266116831377133,-0.844969856850493,"LT_Quina"
1.73851949479084,-0.125666579092792,"LT_Quina"
-0.390708318747952,0.0317852272539176,"LT_Quina"
-0.66978263246172,-1.46576127151239,"LT_Quina"
-2.11520641830617,-0.215871497787582,"LT_Quina"
-2.3654504806421,-0.0494977111639265,"LT_Quina"
-0.116899567986029,-1.59588842999267,"LT_Quina"
-1.81714434016872,-1.16304119660548,"LT_Quina"
-2.17249496150226,-0.794288057826766,"LT_Quina"
-2.37352515319884,1.04174012376504,"LT_Quina"
-3.63870412999783,2.71589293855321,"LT_Quina"
-3.60035675397844,1.13696270224092,"LT_Quina"
-2.81953609344636,2.06684448598305,"LT_Quina"
-3.48632029757802,1.79469947287354,"LT_Quina"
-2.66270441886923,-2.19003154284936,"LT_Quina"
-0.619023449703182,-1.01404343359577,"LT_Quina"
0.0775949651018282,0.366835408231001,"LT_Quina"
-0.725262190543335,1.57233675258809,"LT_Quina"
-1.0308430017167,-1.42327804653863,"LT_Quina"
0.0941387960951018,-1.21435642301705,"LT_Quina"
1.16868431629778,-0.874334424038249,"LT_Quina"
1.32785146985676,-0.469620945999871,"LT_Quina"
2.16039956582391,0.312318999646485,"LT_Quina"
1.31391165783342,-0.370202963523511,"LT_Quina"
-0.544291219320961,0.0280051372868092,"LT_Quina"
-0.0675837092077666,-1.52598183767843,"LT_Quina"
0.0850710619891969,0.481291395688713,"LT_Quina"
0.482502969188409,-0.241614286913987,"LT_Quina"
0.157562942225417,0.260168732947886,"LT_Quina"
1.54341275947071,-0.0713659896974085,"LT_Quina"
-0.278650402384358,0.141054440570743,"LT_Quina"
1.29685409343525,0.329171859368821,"LT_Quina"
-0.572436435383758,0.51867452149776,"LT_Quina"
0.806719981054379,0.0510089836206142,"LT_Quina"
1.19112186298874,-0.34735049760181,"LT_Quina"
1.54998797862191,0.35888297664014,"LT_Quina"
1.36779657833204,1.13041343834979,"LT_Ordinary"
2.9691462310412,0.401761905377762,"LT_Ordinary"
1.12638115223692,-0.29682317632603,"LT_Ordinary"
2.93311357199339,0.739443367464893,"LT_Ordinary"
1.92921256787153,0.412118564531653,"LT_Ordinary"
2.61168703519326,0.96424615012608,"LT_Ordinary"
2.34937168420356,2.33614413756926,"LT_Ordinary"
1.39601387227623,-0.000185856487436822,"LT_Ordinary"
1.34014609584767,-0.377927579880886,"LT_Ordinary"
2.07377879367333,0.60829174478326,"LT_Ordinary"
2.01575779585103,0.517528311410288,"LT_Ordinary"
3.66997690391734,0.358181600366397,"LT_Ordinary"
3.03212870970712,0.436240935441023,"LT_Ordinary"
2.91547915101034,0.168801491282895,"LT_Ordinary"
2.45878659615566,0.116028550593464,"LT_Ordinary"
1.26714635716692,-0.751187808884633,"LT_Ordinary"
3.61076008283169,0.783110801906664,"LT_Ordinary"
3.14528141825135,0.896670893928443,"LT_Ordinary"
1.97192679729936,0.778343676739809,"LT_Ordinary"
1.7245547833324,-0.317541702609582,"LT_Ordinary"
0.849332557714222,0.437143961576174,"LT_Ordinary"
1.60073266632903,0.204100828124963,"LT_Ordinary"
0.770881399007123,-0.963793644306575,"LT_Ordinary"
0.310557995371539,-0.107343381408032,"LT_Ordinary"
1.7238358608589,0.0791973879888049,"LT_Ordinary"
1.79591534704777,0.13051008468295,"LT_Ordinary"
-0.136015499797506,1.06937123203024,"LT_Ordinary"
0.231419359562362,-0.215329221027912,"LT_Ordinary"
2.90572072392174,0.52287695649949,"LT_Ordinary"
0.762944311753118,-0.160204721832344,"LT_Ordinary"
2.80295642824749,0.457011374802913,"LT_Ordinary"
3.18255610907204,1.0902109840771,"LT_Ordinary"
1.44084098757763,-0.0251038752316138,"LT_Ordinary"
3.29527781053479,0.955087430385007,"LT_Ordinary"
3.14562689326221,0.431537912167083,"LT_Ordinary"
2.05104989798583,0.330143348831031,"LT_Ordinary"
3.44973169568504,1.70691150652507,"LT_Ordinary"
1.40267862920395,1.38138475887501,"LT_Ordinary"
0.123214898466013,0.710788860240126,"LT_Ordinary"
0.971965292531538,-0.88695945061653,"LT_Ordinary"
1.67877371769316,2.03561058372712,"LT_Ordinary"
3.27376666019971,0.637363458246091,"LT_Ordinary"
3.21248694699725,0.290872989840342,"LT_Ordinary"
1.32803918149971,-0.449182457150099,"LT_Ordinary"
0.369616465075856,-1.11902070085612,"LT_Ordinary"
0.788845961930557,0.951436764684671,"LT_Ordinary"
3.67206629054784,0.991103883757387,"LT_Ordinary"
2.82410811662842,0.278870029923095,"LT_Ordinary"
2.33874693245627,0.184355022528457,"LT_Ordinary"
2.39891220192977,-0.102154677753417,"LT_Ordinary"
2.3422181847572,-0.413235643697068,"LT_Ordinary"
2.20944903757815,-0.541327822714234,"LT_Ordinary"
2.57077753847369,-0.0967504778607549,"LT_Ordinary"
2.11039249709787,1.13276687856896,"LT_Ordinary"
2.90168185192665,0.222271615134834,"LT_Ordinary"
0.961219746407407,0.262324726079572,"LT_Ordinary"
2.4440773188747,0.12816751480631,"LT_Ordinary"
3.1896846676174,0.415401343107617,"LT_Ordinary"
3.54092704341916,0.605583120508455,"LT_Ordinary"
1.7420040360793,0.709019599215257,"LT_Ordinary"
1.76495044807003,0.825070497920179,"LT_Ordinary"
3.60392355902951,0.819355658058242,"LT_Ordinary"
0.777679788303166,0.00607746253562302,"LT_Ordinary"
1.22943040392273,-0.371356266002553,"LT_Ordinary"
1.83134175028764,0.0163761810371886,"LT_Ordinary"
2.20697015406581,-0.261310127684107,"LT_Ordinary"
1.93343662965726,-0.336697103612979,"LT_Ordinary"
1.7721866570297,-0.111081115652755,"LT_Ordinary"
1.47374940776182,-0.293600436826192,"LT_Ordinary"
1.85779702719448,-0.0750559376676479,"LT_Ordinary"
1.81587999421994,-0.468684131164718,"LT_Ordinary"
3.06483538534046,0.625444529568311,"LT_Ordinary"
2.6981758281192,1.04535642655319,"LT_Ordinary"
2.08662154085635,0.0469786822957062,"LT_Ordinary"
2.58784083823027,0.260855580027177,"LT_Ordinary"
2.3337434907979,0.164277982002759,"LT_Ordinary"
0.0231144933523236,-1.12353093745886,"LT_Ordinary"
2.39239969559874,0.979823558601525,"LT_Ordinary"
1.17519266287546,0.172528418770511,"LT_Ordinary"
